Municipi;Comarca;Província
Alcover;Alt Camp;Tarragona
Alió;Alt Camp;Tarragona
Bràfim;Alt Camp;Tarragona
Cabra del Camp;Alt Camp;Tarragona
Figuerola del Camp;Alt Camp;Tarragona
Mont-ral;Alt Camp;Tarragona
Montferri;Alt Camp;Tarragona
Nulles;Alt Camp;Tarragona
Puigpelat;Alt Camp;Tarragona
Querol;Alt Camp;Tarragona
Rodonyà;Alt Camp;Tarragona
Aiguamúrcia;Alt Camp;Tarragona
Vallmoll;Alt Camp;Tarragona
Valls;Alt Camp;Tarragona
Vila-rodona;Alt Camp;Tarragona
Vilabella;Alt Camp;Tarragona
el Milà;Alt Camp;Tarragona
el Pla de Santa Maria;Alt Camp;Tarragona
el Pont d'Armentera;Alt Camp;Tarragona
el Rourell;Alt Camp;Tarragona
els Garidells;Alt Camp;Tarragona
la Masó;Alt Camp;Tarragona
la Riba;Alt Camp;Tarragona
Agullana;Alt Empordà;Girona
Albanyà;Alt Empordà;Girona
Avinyonet de Puigventós;Alt Empordà;Girona
Biure;Alt Empordà;Girona
Boadella i les Escaules;Alt Empordà;Girona
Borrassà;Alt Empordà;Girona
Bàscara;Alt Empordà;Girona
Cabanelles;Alt Empordà;Girona
Cabanes;Alt Empordà;Girona
Cadaqués;Alt Empordà;Girona
Saus, Camallera i Llampaies;Alt Empordà;Girona
Cantallops;Alt Empordà;Girona
Capmany;Alt Empordà;Girona
Castelló d'Empúries;Alt Empordà;Girona
Cistella;Alt Empordà;Girona
Colera;Alt Empordà;Girona
Darnius;Alt Empordà;Girona
Espolla;Alt Empordà;Girona
Figueres;Alt Empordà;Girona
Fortià;Alt Empordà;Girona
Garriguella;Alt Empordà;Girona
Garrigàs;Alt Empordà;Girona
Lladó;Alt Empordà;Girona
Llançà;Alt Empordà;Girona
Llers;Alt Empordà;Girona
Pedret i Marzà;Alt Empordà;Girona
Masarac i Vilarnadal;Alt Empordà;Girona
Maçanet de Cabrenys;Alt Empordà;Girona
Mollet de Peralada;Alt Empordà;Girona
Navata;Alt Empordà;Girona
Ordis;Alt Empordà;Girona
Palau-saverdera;Alt Empordà;Girona
Pau;Alt Empordà;Girona
Peralada;Alt Empordà;Girona
Pont de Molins;Alt Empordà;Girona
Pontós;Alt Empordà;Girona
Portbou;Alt Empordà;Girona
Rabós;Alt Empordà;Girona
Riumors;Alt Empordà;Girona
Roses;Alt Empordà;Girona
Sant Climent Sescebes;Alt Empordà;Girona
Sant Llorenç de la Muga;Alt Empordà;Girona
Sant Miquel de Fluvià;Alt Empordà;Girona
Sant Mori;Alt Empordà;Girona
Sant Pere Pescador;Alt Empordà;Girona
Palau de Santa Eulàlia;Alt Empordà;Girona
Santa Llogaia d'Àlguema;Alt Empordà;Girona
Siurana;Alt Empordà;Girona
Terrades;Alt Empordà;Girona
Torroella de Fluvià;Alt Empordà;Girona
Ventalló;Alt Empordà;Girona
Vila-sacra;Alt Empordà;Girona
Vilabertran;Alt Empordà;Girona
Viladamat;Alt Empordà;Girona
Vilafant;Alt Empordà;Girona
Vilajuïga;Alt Empordà;Girona
Vilamacolum;Alt Empordà;Girona
Vilamalla;Alt Empordà;Girona
Vilamaniscle;Alt Empordà;Girona
Vilanant;Alt Empordà;Girona
Vilaür;Alt Empordà;Girona
el Far d'Empordà;Alt Empordà;Girona
el Port de la Selva;Alt Empordà;Girona
l'Armentera;Alt Empordà;Girona
l'Escala;Alt Empordà;Girona
la Jonquera;Alt Empordà;Girona
la Selva de Mar;Alt Empordà;Girona
la Vajol;Alt Empordà;Girona
Avinyonet del Penedès;Alt Penedès;Barcelona
Gelida;Alt Penedès;Barcelona
Font-rubí;Alt Penedès;Barcelona
Torrelavit;Alt Penedès;Barcelona
Olesa de Bonesvalls;Alt Penedès;Barcelona
Pacs del Penedès;Alt Penedès;Barcelona
Pontons;Alt Penedès;Barcelona
Puigdàlber;Alt Penedès;Barcelona
Sant Cugat Sesgarrigues;Alt Penedès;Barcelona
Mediona;Alt Penedès;Barcelona
Sant Llorenç d'Hortons;Alt Penedès;Barcelona
Sant Martí Sarroca;Alt Penedès;Barcelona
Olèrdola;Alt Penedès;Barcelona
Subirats;Alt Penedès;Barcelona
Sant Pere de Riudebitlles;Alt Penedès;Barcelona
Sant Quintí de Mediona;Alt Penedès;Barcelona
Sant Sadurní d'Anoia;Alt Penedès;Barcelona
Santa Fe del Penedès;Alt Penedès;Barcelona
Torrelles de Foix;Alt Penedès;Barcelona
Vilafranca del Penedès;Alt Penedès;Barcelona
Vilobí del Penedès;Alt Penedès;Barcelona
el Pla del Penedès;Alt Penedès;Barcelona
Santa Margarida i els Monjos;Alt Penedès;Barcelona
Castellet i la Gornal;Alt Penedès;Barcelona
la Granada;Alt Penedès;Barcelona
Castellví de la Marca;Alt Penedès;Barcelona
les Cabanyes;Alt Penedès;Barcelona
Alàs i Cerc;Alt Urgell;Lleida
les Valls de Valira;Alt Urgell;Lleida
Cava;Alt Urgell;Lleida
Arsèguel;Alt Urgell;Lleida
Bassella;Alt Urgell;Lleida
Cabó;Alt Urgell;Lleida
Coll de Nargó;Alt Urgell;Lleida
Estamariu;Alt Urgell;Lleida
Fígols i Alinyà;Alt Urgell;Lleida
Montferrer i Castellbò;Alt Urgell;Lleida
les Valls d'Aguilar;Alt Urgell;Lleida
Oliana;Alt Urgell;Lleida
Organyà;Alt Urgell;Lleida
Peramola;Alt Urgell;Lleida
la Vansa i Fórnols;Alt Urgell;Lleida
Josa i Tuixén;Alt Urgell;Lleida
Ribera d'Urgellet;Alt Urgell;Lleida
el Pont de Bar;Alt Urgell;Lleida
la Seu d'Urgell;Alt Urgell;Lleida
la Vall de Boí;Alta Ribagorça;Lleida
Vilaller;Alta Ribagorça;Lleida
el Pont de Suert;Alta Ribagorça;Lleida
Argençola;Anoia;Barcelona
Bellprat;Anoia;Barcelona
Calaf;Anoia;Barcelona
Calonge de Segarra;Anoia;Barcelona
Orpí;Anoia;Barcelona
Cabrera d'Anoia;Anoia;Barcelona
Capellades;Anoia;Barcelona
Carme;Anoia;Barcelona
Castellfollit de Riubregós;Anoia;Barcelona
Castellolí;Anoia;Barcelona
Copons;Anoia;Barcelona
Igualada;Anoia;Barcelona
Jorba;Anoia;Barcelona
Masquefa;Anoia;Barcelona
Montmaneu;Anoia;Barcelona
Piera;Anoia;Barcelona
Pujalt;Anoia;Barcelona
Rubió;Anoia;Barcelona
Sant Martí Sesgueioles;Anoia;Barcelona
Sant Martí de Tous;Anoia;Barcelona
Sant Pere Sallavinera;Anoia;Barcelona
Santa Margarida de Montbui;Anoia;Barcelona
Santa Maria de Miralles;Anoia;Barcelona
Vallbona d'Anoia;Anoia;Barcelona
Veciana;Anoia;Barcelona
Vilanova del Camí;Anoia;Barcelona
el Bruc;Anoia;Barcelona
els Hostalets de Pierola;Anoia;Barcelona
els Prats de Rei;Anoia;Barcelona
la Llacuna;Anoia;Barcelona
la Pobla de Claramunt;Anoia;Barcelona
la Torre de Claramunt;Anoia;Barcelona
Òdena;Anoia;Barcelona
Aguilar de Segarra;Bages;Barcelona
Artés;Bages;Barcelona
Avinyó;Bages;Barcelona
Balsareny;Bages;Barcelona
Callús;Bages;Barcelona
Cardona;Bages;Barcelona
Castellfollit del Boix;Bages;Barcelona
Castellgalí;Bages;Barcelona
Castellnou de Bages;Bages;Barcelona
Fonollosa;Bages;Barcelona
Gaià;Bages;Barcelona
Manresa;Bages;Barcelona
Marganell;Bages;Barcelona
Monistrol de Montserrat;Bages;Barcelona
Mura;Bages;Barcelona
Navarcles;Bages;Barcelona
Navàs;Bages;Barcelona
Rajadell;Bages;Barcelona
Sallent;Bages;Barcelona
Sant Feliu Sasserra;Bages;Barcelona
Sant Fruitós de Bages;Bages;Barcelona
Sant Joan de Vilatorrada;Bages;Barcelona
Sant Mateu de Bages;Bages;Barcelona
Sant Salvador de Guardiola;Bages;Barcelona
Sant Vicenç de Castellet;Bages;Barcelona
Santpedor;Bages;Barcelona
Súria;Bages;Barcelona
Talamanca;Bages;Barcelona
Castellbell i el Vilar;Bages;Barcelona
el Pont de Vilomara i Rocafort;Bages;Barcelona
Alforja;Baix Camp;Tarragona
Almoster;Baix Camp;Tarragona
Arbolí;Baix Camp;Tarragona
Botarell;Baix Camp;Tarragona
Cambrils;Baix Camp;Tarragona
Capafonts;Baix Camp;Tarragona
Castellvell del Camp;Baix Camp;Tarragona
Colldejou;Baix Camp;Tarragona
Duesaigües;Baix Camp;Tarragona
Maspujols;Baix Camp;Tarragona
Mont-roig del Camp;Baix Camp;Tarragona
Montbrió del Camp;Baix Camp;Tarragona
Prades;Baix Camp;Tarragona
Pratdip;Baix Camp;Tarragona
Reus;Baix Camp;Tarragona
Riudecanyes;Baix Camp;Tarragona
Riudecols;Baix Camp;Tarragona
Riudoms;Baix Camp;Tarragona
Vandellòs i l'Hospitalet de l'Infant;Baix Camp;Tarragona
Vilanova d'Escornalbou;Baix Camp;Tarragona
Vilaplana;Baix Camp;Tarragona
Vinyols i els Arcs;Baix Camp;Tarragona
l'Albiol;Baix Camp;Tarragona
l'Aleixar;Baix Camp;Tarragona
l'Argentera;Baix Camp;Tarragona
la Febró;Baix Camp;Tarragona
la Selva del Camp;Baix Camp;Tarragona
les Borges del Camp;Baix Camp;Tarragona
Aldover;Baix Ebre;Tarragona
Alfara de Carles;Baix Ebre;Tarragona
Benifallet;Baix Ebre;Tarragona
Camarles;Baix Ebre;Tarragona
Deltebre;Baix Ebre;Tarragona
Paüls;Baix Ebre;Tarragona
Roquetes;Baix Ebre;Tarragona
Tivenys;Baix Ebre;Tarragona
Tortosa;Baix Ebre;Tarragona
Xerta;Baix Ebre;Tarragona
el Perelló;Baix Ebre;Tarragona
l'Aldea;Baix Ebre;Tarragona
l'Ametlla de Mar;Baix Ebre;Tarragona
l'Ampolla;Baix Ebre;Tarragona
Albons;Baix Empordà;Girona
Begur;Baix Empordà;Girona
Bellcaire d'Empordà;Baix Empordà;Girona
Calonge i Sant Antoni;Baix Empordà;Girona
Colomers;Baix Empordà;Girona
Corçà;Baix Empordà;Girona
Foixà;Baix Empordà;Girona
Fontanilles;Baix Empordà;Girona
Garrigoles;Baix Empordà;Girona
Gualta;Baix Empordà;Girona
Jafre;Baix Empordà;Girona
Mont-ras;Baix Empordà;Girona
Palafrugell;Baix Empordà;Girona
Palamós;Baix Empordà;Girona
Palau-sator;Baix Empordà;Girona
Pals;Baix Empordà;Girona
Parlavà;Baix Empordà;Girona
Castell d'Aro, Platja d'Aro i s'Agaró;Baix Empordà;Girona
Regencós;Baix Empordà;Girona
Rupià;Baix Empordà;Girona
Sant Feliu de Guíxols;Baix Empordà;Girona
Cruïlles, Monells i Sant Sadurní de l'Heura;Baix Empordà;Girona
Santa Cristina d'Aro;Baix Empordà;Girona
Serra de Daró;Baix Empordà;Girona
Torrent;Baix Empordà;Girona
Torroella de Montgrí;Baix Empordà;Girona
Ullastret;Baix Empordà;Girona
Ullà;Baix Empordà;Girona
Ultramort;Baix Empordà;Girona
Vall-llobrega;Baix Empordà;Girona
Verges;Baix Empordà;Girona
Vilopriu;Baix Empordà;Girona
Forallac;Baix Empordà;Girona
la Bisbal d'Empordà;Baix Empordà;Girona
la Pera;Baix Empordà;Girona
la Tallada d'Empordà;Baix Empordà;Girona
Abrera;Baix Llobregat;Barcelona
Begues;Baix Llobregat;Barcelona
Castelldefels;Baix Llobregat;Barcelona
Castellví de Rosanes;Baix Llobregat;Barcelona
Cervelló;Baix Llobregat;Barcelona
Collbató;Baix Llobregat;Barcelona
Corbera de Llobregat;Baix Llobregat;Barcelona
Cornellà de Llobregat;Baix Llobregat;Barcelona
Esparreguera;Baix Llobregat;Barcelona
Esplugues de Llobregat;Baix Llobregat;Barcelona
Gavà;Baix Llobregat;Barcelona
Martorell;Baix Llobregat;Barcelona
Molins de Rei;Baix Llobregat;Barcelona
Olesa de Montserrat;Baix Llobregat;Barcelona
Pallejà;Baix Llobregat;Barcelona
Sant Andreu de la Barca;Baix Llobregat;Barcelona
Sant Boi de Llobregat;Baix Llobregat;Barcelona
Sant Climent de Llobregat;Baix Llobregat;Barcelona
Sant Esteve Sesrovires;Baix Llobregat;Barcelona
Sant Feliu de Llobregat;Baix Llobregat;Barcelona
Sant Joan Despí;Baix Llobregat;Barcelona
Sant Just Desvern;Baix Llobregat;Barcelona
Sant Vicenç dels Horts;Baix Llobregat;Barcelona
Santa Coloma de Cervelló;Baix Llobregat;Barcelona
Torrelles de Llobregat;Baix Llobregat;Barcelona
Vallirana;Baix Llobregat;Barcelona
Viladecans;Baix Llobregat;Barcelona
el Papiol;Baix Llobregat;Barcelona
el Prat de Llobregat;Baix Llobregat;Barcelona
la Palma de Cervelló;Baix Llobregat;Barcelona
Albinyana;Baix Penedès;Tarragona
Banyeres del Penedès;Baix Penedès;Tarragona
Bellvei;Baix Penedès;Tarragona
Bonastre;Baix Penedès;Tarragona
Calafell;Baix Penedès;Tarragona
Cunit;Baix Penedès;Tarragona
Llorenç del Penedès;Baix Penedès;Tarragona
Masllorenç;Baix Penedès;Tarragona
Sant Jaume dels Domenys;Baix Penedès;Tarragona
Santa Oliva;Baix Penedès;Tarragona
el Vendrell;Baix Penedès;Tarragona
l'Arboç;Baix Penedès;Tarragona
la Bisbal del Penedès;Baix Penedès;Tarragona
el Montmell;Baix Penedès;Tarragona
Badalona;Barcelonès;Barcelona
Barcelona;Barcelonès;Barcelona
Sant Adrià de Besòs;Barcelonès;Barcelona
Santa Coloma de Gramenet;Barcelonès;Barcelona
l'Hospitalet de Llobregat;Barcelonès;Barcelona
Avià;Berguedà;Barcelona
Bagà;Berguedà;Barcelona
Berga;Berguedà;Barcelona
Borredà;Berguedà;Barcelona
Capolat;Berguedà;Barcelona
Casserres;Berguedà;Barcelona
Castell de l'Areny;Berguedà;Barcelona
Castellar de n'Hug;Berguedà;Barcelona
Cercs;Berguedà;Barcelona
Fígols;Berguedà;Barcelona
Gironella;Berguedà;Barcelona
Gisclareny;Berguedà;Barcelona
Guardiola de Berguedà;Berguedà;Barcelona
Gósol;Berguedà;Lleida
Castellar del Riu;Berguedà;Barcelona
Montclar;Berguedà;Barcelona
Montmajor;Berguedà;Barcelona
Olvan;Berguedà;Barcelona
Puig-reig;Berguedà;Barcelona
Sagàs;Berguedà;Barcelona
Saldes;Berguedà;Barcelona
Sant Jaume de Frontanyà;Berguedà;Barcelona
Sant Julià de Cerdanyola;Berguedà;Barcelona
Santa Maria de Merlès;Berguedà;Barcelona
Viver i Serrateix;Berguedà;Barcelona
Vallcebre;Berguedà;Barcelona
Vilada;Berguedà;Barcelona
l'Espunyola;Berguedà;Barcelona
la Nou de Berguedà;Berguedà;Barcelona
la Pobla de Lillet;Berguedà;Barcelona
la Quar;Berguedà;Barcelona
Isòvol;Cerdanya;Girona
Alp;Cerdanya;Girona
Bellver de Cerdanya;Cerdanya;Lleida
Bolvir;Cerdanya;Girona
Das;Cerdanya;Girona
Ger;Cerdanya;Girona
Guils de Cerdanya;Cerdanya;Girona
Lles de Cerdanya;Cerdanya;Lleida
Llívia;Cerdanya;Girona
Montellà i Martinet;Cerdanya;Lleida
Meranges;Cerdanya;Girona
Prats i Sansor;Cerdanya;Lleida
Prullans;Cerdanya;Lleida
Puigcerdà;Cerdanya;Girona
Riu de Cerdanya;Cerdanya;Lleida
Urús;Cerdanya;Girona
Fontanals de Cerdanya;Cerdanya;Girona
Barberà de la Conca;Conca de Barberà;Tarragona
Blancafort;Conca de Barberà;Tarragona
Conesa;Conca de Barberà;Tarragona
Forès;Conca de Barberà;Tarragona
Llorac;Conca de Barberà;Tarragona
Montblanc;Conca de Barberà;Tarragona
Passanant i Belltall;Conca de Barberà;Tarragona
Pira;Conca de Barberà;Tarragona
Pontils;Conca de Barberà;Tarragona
Rocafort de Queralt;Conca de Barberà;Tarragona
Santa Coloma de Queralt;Conca de Barberà;Tarragona
Sarral;Conca de Barberà;Tarragona
Savallà del Comtat;Conca de Barberà;Tarragona
Senan;Conca de Barberà;Tarragona
Solivella;Conca de Barberà;Tarragona
Vallclara;Conca de Barberà;Tarragona
Vallfogona de Riucorb;Conca de Barberà;Tarragona
Vilanova de Prades;Conca de Barberà;Tarragona
Vilaverd;Conca de Barberà;Tarragona
Vimbodí i Poblet;Conca de Barberà;Tarragona
l'Espluga de Francolí;Conca de Barberà;Tarragona
les Piles de Gaià;Conca de Barberà;Tarragona
Canyelles;Garraf;Barcelona
Cubelles;Garraf;Barcelona
Olivella;Garraf;Barcelona
Sant Pere de Ribes;Garraf;Barcelona
Sitges;Garraf;Barcelona
Vilanova i la Geltrú;Garraf;Barcelona
Arbeca;Garrigues;Lleida
Bellaguarda;Garrigues;Lleida
Bovera;Garrigues;Lleida
Castelldans;Garrigues;Lleida
Cervià de les Garrigues;Garrigues;Lleida
Fulleda;Garrigues;Lleida
Granyena de les Garrigues;Garrigues;Lleida
Juncosa;Garrigues;Lleida
Juneda;Garrigues;Lleida
Puiggròs;Garrigues;Lleida
Tarrés;Garrigues;Lleida
Vinaixa;Garrigues;Lleida
el Cogul;Garrigues;Lleida
el Soleràs;Garrigues;Lleida
el Vilosell;Garrigues;Lleida
els Omellons;Garrigues;Lleida
els Torms;Garrigues;Lleida
l'Albagés;Garrigues;Lleida
l'Albi;Garrigues;Lleida
l'Espluga Calba;Garrigues;Lleida
la Floresta;Garrigues;Lleida
la Granadella;Garrigues;Lleida
la Pobla de Cérvoles;Garrigues;Lleida
les Borges Blanques;Garrigues;Lleida
Argelaguer;Garrotxa;Girona
Besalú;Garrotxa;Girona
Beuda;Garrotxa;Girona
Castellfollit de la Roca;Garrotxa;Girona
Maià de Montcal;Garrotxa;Girona
Mieres;Garrotxa;Girona
Montagut i Oix;Garrotxa;Girona
Olot;Garrotxa;Girona
Riudaura;Garrotxa;Girona
Sales de Llierca;Garrotxa;Girona
la Vall d'en Bas;Garrotxa;Girona
Sant Aniol de Finestres;Garrotxa;Girona
Sant Feliu de Pallerols;Garrotxa;Girona
Sant Ferriol;Garrotxa;Girona
Sant Jaume de Llierca;Garrotxa;Girona
Sant Joan les Fonts;Garrotxa;Girona
Santa Pau;Garrotxa;Girona
Tortellà;Garrotxa;Girona
la Vall de Bianya;Garrotxa;Girona
les Planes d'Hostoles;Garrotxa;Girona
les Preses;Garrotxa;Girona
Aiguaviva;Gironès;Girona
Bescanó;Gironès;Girona
Bordils;Gironès;Girona
Campllong;Gironès;Girona
Canet d'Adri;Gironès;Girona
Cassà de la Selva;Gironès;Girona
Celrà;Gironès;Girona
Cervià de Ter;Gironès;Girona
Flaçà;Gironès;Girona
Fornells de la Selva;Gironès;Girona
Girona;Gironès;Girona
Juià;Gironès;Girona
Llagostera;Gironès;Girona
Llambilles;Gironès;Girona
Madremanya;Gironès;Girona
Quart;Gironès;Girona
Salt;Gironès;Girona
Sant Andreu Salou;Gironès;Girona
Sant Gregori;Gironès;Girona
Sant Joan de Mollet;Gironès;Girona
Sant Jordi Desvalls;Gironès;Girona
Sant Julià de Ramis;Gironès;Girona
Sant Martí Vell;Gironès;Girona
Sant Martí de Llémena;Gironès;Girona
Sarrià de Ter;Gironès;Girona
Vilablareix;Gironès;Girona
Viladasens;Gironès;Girona
Alella;Maresme;Barcelona
Arenys de Mar;Maresme;Barcelona
Arenys de Munt;Maresme;Barcelona
Argentona;Maresme;Barcelona
Cabrera de Mar;Maresme;Barcelona
Cabrils;Maresme;Barcelona
Caldes d'Estrac;Maresme;Barcelona
Calella;Maresme;Barcelona
Canet de Mar;Maresme;Barcelona
Dosrius;Maresme;Barcelona
Malgrat de Mar;Maresme;Barcelona
Mataró;Maresme;Barcelona
Montgat;Maresme;Barcelona
Palafolls;Maresme;Barcelona
Pineda de Mar;Maresme;Barcelona
Premià de Dalt;Maresme;Barcelona
Premià de Mar;Maresme;Barcelona
Sant Andreu de Llavaneres;Maresme;Barcelona
Sant Cebrià de Vallalta;Maresme;Barcelona
Sant Iscle de Vallalta;Maresme;Barcelona
Sant Pol de Mar;Maresme;Barcelona
Sant Vicenç de Montalt;Maresme;Barcelona
Santa Susanna;Maresme;Barcelona
Teià;Maresme;Barcelona
Tiana;Maresme;Barcelona
Tordera;Maresme;Barcelona
Vilassar de Dalt;Maresme;Barcelona
Vilassar de Mar;Maresme;Barcelona
el Masnou;Maresme;Barcelona
Òrrius;Maresme;Barcelona
Alcanar;Montsià;Tarragona
Amposta;Montsià;Tarragona
Freginals;Montsià;Tarragona
Godall;Montsià;Tarragona
Mas de Barberans;Montsià;Tarragona
Masdenverge;Montsià;Tarragona
Sant Jaume d'Enveja;Montsià;Tarragona
Santa Bàrbara;Montsià;Tarragona
Ulldecona;Montsià;Tarragona
la Galera;Montsià;Tarragona
la Ràpita;Montsià;Tarragona
la Sénia;Montsià;Tarragona
Albesa;Noguera;Lleida
Algerri;Noguera;Lleida
Alòs de Balaguer;Noguera;Lleida
Artesa de Segre;Noguera;Lleida
Balaguer;Noguera;Lleida
Bellcaire d'Urgell;Noguera;Lleida
Bellmunt d'Urgell;Noguera;Lleida
Cabanabona;Noguera;Lleida
Camarasa;Noguera;Lleida
Castelló de Farfanya;Noguera;Lleida
Cubells;Noguera;Lleida
Foradada;Noguera;Lleida
la Baronia de Rialb;Noguera;Lleida
Ivars de Noguera;Noguera;Lleida
Menàrguens;Noguera;Lleida
Montgai;Noguera;Lleida
Oliola;Noguera;Lleida
Os de Balaguer;Noguera;Lleida
Penelles;Noguera;Lleida
Ponts;Noguera;Lleida
Preixens;Noguera;Lleida
Tiurana;Noguera;Lleida
Torrelameu;Noguera;Lleida
Térmens;Noguera;Lleida
Vallfogona de Balaguer;Noguera;Lleida
Vilanova de Meià;Noguera;Lleida
Vilanova de l'Aguda;Noguera;Lleida
la Sentiu de Sió;Noguera;Lleida
les Avellanes i Santa Linya;Noguera;Lleida
Àger;Noguera;Lleida
Aiguafreda;Osona;Barcelona
Calldetenes;Osona;Barcelona
Orís;Osona;Barcelona
Centelles;Osona;Barcelona
Espinelves;Osona;Girona
Folgueroles;Osona;Barcelona
Gurb;Osona;Barcelona
Malla;Osona;Barcelona
Manlleu;Osona;Barcelona
Montesquiu;Osona;Barcelona
Muntanyola;Osona;Barcelona
Roda de Ter;Osona;Barcelona
Rupit i Pruit;Osona;Barcelona
Sant Agustí de Lluçanès;Osona;Barcelona
Sant Bartomeu del Grau;Osona;Barcelona
Sant Boi de Lluçanès;Osona;Barcelona
Sant Hipòlit de Voltregà;Osona;Barcelona
Sant Julià de Vilatorta;Osona;Barcelona
Sant Martí de Centelles;Osona;Barcelona
Sant Pere de Torelló;Osona;Barcelona
Sant Quirze de Besora;Osona;Barcelona
Sant Sadurní d'Osormort;Osona;Barcelona
Sant Vicenç de Torelló;Osona;Barcelona
Santa Cecília de Voltregà;Osona;Barcelona
Santa Eugènia de Berga;Osona;Barcelona
Santa Eulàlia de Riuprimer;Osona;Barcelona
Santa Maria de Besora;Osona;Barcelona
Seva;Osona;Barcelona
Sora;Osona;Barcelona
Taradell;Osona;Barcelona
Tavertet;Osona;Barcelona
Tavèrnoles;Osona;Barcelona
Tona;Osona;Barcelona
Torelló;Osona;Barcelona
Vic;Osona;Barcelona
Vidrà;Osona;Girona
Viladrau;Osona;Girona
Vilanova de Sau;Osona;Barcelona
el Brull;Osona;Barcelona
Balenyà;Osona;Barcelona
l'Esquirol;Osona;Barcelona
les Masies de Roda;Osona;Barcelona
les Masies de Voltregà;Osona;Barcelona
Abella de la Conca;Pallars Jussà;Lleida
Gavet de la Conca;Pallars Jussà;Lleida
Castell de Mur;Pallars Jussà;Lleida
Isona i Conca Dellà;Pallars Jussà;Lleida
Llimiana;Pallars Jussà;Lleida
Salàs de Pallars;Pallars Jussà;Lleida
Sant Esteve de la Sarga;Pallars Jussà;Lleida
Sarroca de Bellera;Pallars Jussà;Lleida
Senterada;Pallars Jussà;Lleida
Talarn;Pallars Jussà;Lleida
Tremp;Pallars Jussà;Lleida
Conca de Dalt;Pallars Jussà;Lleida
la Pobla de Segur;Pallars Jussà;Lleida
la Torre de Cabdella;Pallars Jussà;Lleida
Alins;Pallars Sobirà;Lleida
Farrera;Pallars Sobirà;Lleida
Espot;Pallars Sobirà;Lleida
Esterri d'Àneu;Pallars Sobirà;Lleida
Esterri de Cardós;Pallars Sobirà;Lleida
Baix Pallars;Pallars Sobirà;Lleida
Lladorre;Pallars Sobirà;Lleida
Llavorsí;Pallars Sobirà;Lleida
Rialp;Pallars Sobirà;Lleida
Vall de Cardós;Pallars Sobirà;Lleida
Sort;Pallars Sobirà;Lleida
Tírvia;Pallars Sobirà;Lleida
Alt Àneu;Pallars Sobirà;Lleida
Soriguera;Pallars Sobirà;Lleida
la Guingueta d'Àneu;Pallars Sobirà;Lleida
Barbens;Pla d'Urgell;Lleida
Bell-lloc d'Urgell;Pla d'Urgell;Lleida
Bellvís;Pla d'Urgell;Lleida
Castellnou de Seana;Pla d'Urgell;Lleida
Fondarella;Pla d'Urgell;Lleida
Golmés;Pla d'Urgell;Lleida
Ivars d'Urgell;Pla d'Urgell;Lleida
Linyola;Pla d'Urgell;Lleida
Miralcamp;Pla d'Urgell;Lleida
Mollerussa;Pla d'Urgell;Lleida
Sidamon;Pla d'Urgell;Lleida
Torregrossa;Pla d'Urgell;Lleida
Vila-sana;Pla d'Urgell;Lleida
Vilanova de Bellpuig;Pla d'Urgell;Lleida
el Palau d'Anglesola;Pla d'Urgell;Lleida
el Poal;Pla d'Urgell;Lleida
Banyoles;Pla de l'Estany;Girona
Camós;Pla de l'Estany;Girona
Cornellà del Terri;Pla de l'Estany;Girona
Crespià;Pla de l'Estany;Girona
Esponellà;Pla de l'Estany;Girona
Fontcoberta;Pla de l'Estany;Girona
Porqueres;Pla de l'Estany;Girona
Palol de Revardit;Pla de l'Estany;Girona
Sant Miquel de Campmajor;Pla de l'Estany;Girona
Serinyà;Pla de l'Estany;Girona
Vilademuls;Pla de l'Estany;Girona
Bellmunt del Priorat;Priorat;Tarragona
Cabacés;Priorat;Tarragona
Capçanes;Priorat;Tarragona
Cornudella de Montsant;Priorat;Tarragona
Falset;Priorat;Tarragona
Gratallops;Priorat;Tarragona
Margalef;Priorat;Tarragona
Marçà;Priorat;Tarragona
Poboleda;Priorat;Tarragona
Porrera;Priorat;Tarragona
Pradell de la Teixeta;Priorat;Tarragona
Torroja del Priorat;Priorat;Tarragona
Ulldemolins;Priorat;Tarragona
el Lloar;Priorat;Tarragona
el Masroig;Priorat;Tarragona
el Molar;Priorat;Tarragona
els Guiamets;Priorat;Tarragona
la Bisbal de Montsant;Priorat;Tarragona
la Figuera;Priorat;Tarragona
la Morera de Montsant;Priorat;Tarragona
la Torre de Fontaubella;Priorat;Tarragona
la Vilella Alta;Priorat;Tarragona
la Vilella Baixa;Priorat;Tarragona
Ascó;Ribera d'Ebre;Tarragona
Benissanet;Ribera d'Ebre;Tarragona
Flix;Ribera d'Ebre;Tarragona
Garcia;Ribera d'Ebre;Tarragona
Ginestar;Ribera d'Ebre;Tarragona
Miravet;Ribera d'Ebre;Tarragona
Móra d'Ebre;Ribera d'Ebre;Tarragona
Móra la Nova;Ribera d'Ebre;Tarragona
Rasquera;Ribera d'Ebre;Tarragona
Riba-roja d'Ebre;Ribera d'Ebre;Tarragona
Tivissa;Ribera d'Ebre;Tarragona
Vinebre;Ribera d'Ebre;Tarragona
la Palma d'Ebre;Ribera d'Ebre;Tarragona
la Torre de l'Espanyol;Ribera d'Ebre;Tarragona
Campdevànol;Ripollès;Girona
Campelles;Ripollès;Girona
Camprodon;Ripollès;Girona
Gombrèn;Ripollès;Girona
Llanars;Ripollès;Girona
Molló;Ripollès;Girona
Ogassa;Ripollès;Girona
Pardines;Ripollès;Girona
Planoles;Ripollès;Girona
Queralbs;Ripollès;Girona
Ribes de Freser;Ripollès;Girona
Ripoll;Ripollès;Girona
Sant Joan de les Abadesses;Ripollès;Girona
Sant Pau de Segúries;Ripollès;Girona
Setcases;Ripollès;Girona
Toses;Ripollès;Girona
Vallfogona de Ripollès;Ripollès;Girona
Vilallonga de Ter;Ripollès;Girona
les Llosses;Ripollès;Girona
Cervera;Segarra;Lleida
Estaràs;Segarra;Lleida
Granyena de Segarra;Segarra;Lleida
Guissona;Segarra;Lleida
Ivorra;Segarra;Lleida
Massoteres;Segarra;Lleida
Montoliu de Segarra;Segarra;Lleida
Montornès de Segarra;Segarra;Lleida
Sanaüja;Segarra;Lleida
Ribera d'Ondara;Segarra;Lleida
Sant Guim de Freixenet;Segarra;Lleida
Sant Guim de la Plana;Segarra;Lleida
Sant Ramon;Segarra;Lleida
Talavera;Segarra;Lleida
Tarroja de Segarra;Segarra;Lleida
Torrefeta i Florejacs;Segarra;Lleida
Granyanella;Segarra;Lleida
les Oluges;Segarra;Lleida
els Plans de Sió;Segarra;Lleida
Aitona;Segrià;Lleida
Albatàrrec;Segrià;Lleida
Alcanó;Segrià;Lleida
Alcarràs;Segrià;Lleida
Alcoletge;Segrià;Lleida
Alfarràs;Segrià;Lleida
Alfés;Segrià;Lleida
Alguaire;Segrià;Lleida
Almacelles;Segrià;Lleida
Almatret;Segrià;Lleida
Almenar;Segrià;Lleida
Alpicat;Segrià;Lleida
Artesa de Lleida;Segrià;Lleida
Aspa;Segrià;Lleida
Benavent de Segrià;Segrià;Lleida
Corbins;Segrià;Lleida
Gimenells i el Pla de la Font;Segrià;Lleida
Llardecans;Segrià;Lleida
Lleida;Segrià;Lleida
Maials;Segrià;Lleida
Massalcoreig;Segrià;Lleida
Montoliu de Lleida;Segrià;Lleida
Puigverd de Lleida;Segrià;Lleida
Rosselló;Segrià;Lleida
Sarroca de Lleida;Segrià;Lleida
Seròs;Segrià;Lleida
Soses;Segrià;Lleida
Sudanell;Segrià;Lleida
Sunyer;Segrià;Lleida
Torre-serona;Segrià;Lleida
Torrebesses;Segrià;Lleida
Torrefarrera;Segrià;Lleida
Torres de Segre;Segrià;Lleida
Vilanova de Segrià;Segrià;Lleida
Vilanova de la Barca;Segrià;Lleida
els Alamús;Segrià;Lleida
la Granja d'Escarp;Segrià;Lleida
la Portella;Segrià;Lleida
Amer;Selva;Girona
Anglès;Selva;Girona
Arbúcies;Selva;Girona
Blanes;Selva;Girona
Sant Julià del Llor i Bonmatí;Selva;Girona
Breda;Selva;Girona
Brunyola i Sant Martí Sapresa;Selva;Girona
Caldes de Malavella;Selva;Girona
Riells i Viabrea;Selva;Girona
Fogars de la Selva;Selva;Barcelona
Hostalric;Selva;Girona
Lloret de Mar;Selva;Girona
Massanes;Selva;Girona
Maçanet de la Selva;Selva;Girona
Osor;Selva;Girona
Riudarenes;Selva;Girona
Riudellots de la Selva;Selva;Girona
Sant Feliu de Buixalleu;Selva;Girona
Sant Hilari Sacalm;Selva;Girona
Susqueda;Selva;Girona
Santa Coloma de Farners;Selva;Girona
Sils;Selva;Girona
Tossa de Mar;Selva;Girona
Vidreres;Selva;Girona
Vilobí d'Onyar;Selva;Girona
la Cellera de Ter;Selva;Girona
Biosca;Solsonès;Lleida
Odèn;Solsonès;Lleida
Castellar de la Ribera;Solsonès;Lleida
Clariana de Cardener;Solsonès;Lleida
Lladurs;Solsonès;Lleida
Llobera;Solsonès;Lleida
Navès;Solsonès;Lleida
Pinós;Solsonès;Lleida
Pinell de Solsonès;Solsonès;Lleida
Sant Llorenç de Morunys;Solsonès;Lleida
Solsona;Solsonès;Lleida
Torà;Solsonès;Lleida
Guixers;Solsonès;Lleida
Riner;Solsonès;Lleida
Olius;Solsonès;Lleida
la Coma i la Pedra;Solsonès;Lleida
la Molsosa;Solsonès;Lleida
Altafulla;Tarragonès;Tarragona
Constantí;Tarragonès;Tarragona
Creixell;Tarragonès;Tarragona
Perafort;Tarragonès;Tarragona
Renau;Tarragonès;Tarragona
Roda de Berà;Tarragonès;Tarragona
Salomó;Tarragonès;Tarragona
Salou;Tarragonès;Tarragona
Tarragona;Tarragonès;Tarragona
Torredembarra;Tarragonès;Tarragona
Vespella de Gaià;Tarragonès;Tarragona
Vila-seca;Tarragonès;Tarragona
Vilallonga del Camp;Tarragonès;Tarragona
el Catllar;Tarragonès;Tarragona
el Morell;Tarragonès;Tarragona
els Pallaresos;Tarragonès;Tarragona
la Canonja;Tarragonès;Tarragona
la Nou de Gaià;Tarragonès;Tarragona
la Pobla de Mafumet;Tarragonès;Tarragona
la Pobla de Montornès;Tarragonès;Tarragona
la Riera de Gaià;Tarragonès;Tarragona
la Secuita;Tarragonès;Tarragona
Arnes;Terra Alta;Tarragona
Batea;Terra Alta;Tarragona
Bot;Terra Alta;Tarragona
Caseres;Terra Alta;Tarragona
Corbera d'Ebre;Terra Alta;Tarragona
Gandesa;Terra Alta;Tarragona
Horta de Sant Joan;Terra Alta;Tarragona
Prat de Comte;Terra Alta;Tarragona
Vilalba dels Arcs;Terra Alta;Tarragona
el Pinell de Brai;Terra Alta;Tarragona
la Fatarella;Terra Alta;Tarragona
la Pobla de Massaluca;Terra Alta;Tarragona
Agramunt;Urgell;Lleida
Anglesola;Urgell;Lleida
Belianes;Urgell;Lleida
Bellpuig;Urgell;Lleida
Castellserà;Urgell;Lleida
Ciutadilla;Urgell;Lleida
Guimerà;Urgell;Lleida
Maldà;Urgell;Lleida
Nalec;Urgell;Lleida
Ossó de Sió;Urgell;Lleida
Preixana;Urgell;Lleida
Puigverd d'Agramunt;Urgell;Lleida
Sant Martí de Riucorb;Urgell;Lleida
Tornabous;Urgell;Lleida
Tàrrega;Urgell;Lleida
Vallbona de les Monges;Urgell;Lleida
Verdú;Urgell;Lleida
Vilagrassa;Urgell;Lleida
els Omells de na Gaia;Urgell;Lleida
la Fuliola;Urgell;Lleida
Arres;Val d'Aran;Lleida
Bausen;Val d'Aran;Lleida
Bossòst;Val d'Aran;Lleida
Canejan;Val d'Aran;Lleida
Es Bòrdes;Val d'Aran;Lleida
Les;Val d'Aran;Lleida
Naut Aran;Val d'Aran;Lleida
Vielha e Mijaran;Val d'Aran;Lleida
Vilamòs;Val d'Aran;Lleida
Badia del Vallès;Vallès Occidental;Barcelona
Barberà del Vallès;Vallès Occidental;Barcelona
Castellar del Vallès;Vallès Occidental;Barcelona
Castellbisbal;Vallès Occidental;Barcelona
Cerdanyola del Vallès;Vallès Occidental;Barcelona
Gallifa;Vallès Occidental;Barcelona
Matadepera;Vallès Occidental;Barcelona
Montcada i Reixac;Vallès Occidental;Barcelona
Palau-solità i Plegamans;Vallès Occidental;Barcelona
Polinyà;Vallès Occidental;Barcelona
Rellinars;Vallès Occidental;Barcelona
Ripollet;Vallès Occidental;Barcelona
Rubí;Vallès Occidental;Barcelona
Sabadell;Vallès Occidental;Barcelona
Sant Cugat del Vallès;Vallès Occidental;Barcelona
Sant Llorenç Savall;Vallès Occidental;Barcelona
Sant Quirze del Vallès;Vallès Occidental;Barcelona
Santa Perpètua de Mogoda;Vallès Occidental;Barcelona
Sentmenat;Vallès Occidental;Barcelona
Terrassa;Vallès Occidental;Barcelona
Ullastrell;Vallès Occidental;Barcelona
Vacarisses;Vallès Occidental;Barcelona
Viladecavalls;Vallès Occidental;Barcelona
Bigues i Riells del Fai;Vallès Oriental;Barcelona
Caldes de Montbui;Vallès Oriental;Barcelona
Campins;Vallès Oriental;Barcelona
Canovelles;Vallès Oriental;Barcelona
Cardedeu;Vallès Oriental;Barcelona
les Franqueses del Vallès;Vallès Oriental;Barcelona
Cànoves i Samalús;Vallès Oriental;Barcelona
Figaró-Montmany;Vallès Oriental;Barcelona
Granollers;Vallès Oriental;Barcelona
Gualba;Vallès Oriental;Barcelona
Llinars del Vallès;Vallès Oriental;Barcelona
Lliçà d'Amunt;Vallès Oriental;Barcelona
Lliçà de Vall;Vallès Oriental;Barcelona
Martorelles;Vallès Oriental;Barcelona
Mollet del Vallès;Vallès Oriental;Barcelona
Montmeló;Vallès Oriental;Barcelona
Montornès del Vallès;Vallès Oriental;Barcelona
Montseny;Vallès Oriental;Barcelona
Fogars de Montclús;Vallès Oriental;Barcelona
Parets del Vallès;Vallès Oriental;Barcelona
Sant Antoni de Vilamajor;Vallès Oriental;Barcelona
Sant Celoni;Vallès Oriental;Barcelona
Sant Esteve de Palautordera;Vallès Oriental;Barcelona
Sant Feliu de Codines;Vallès Oriental;Barcelona
Sant Fost de Campsentelles;Vallès Oriental;Barcelona
Sant Pere de Vilamajor;Vallès Oriental;Barcelona
Santa Eulàlia de Ronçana;Vallès Oriental;Barcelona
Santa Maria de Martorelles;Vallès Oriental;Barcelona
Santa Maria de Palautordera;Vallès Oriental;Barcelona
Tagamanent;Vallès Oriental;Barcelona
Vallgorguina;Vallès Oriental;Barcelona
Vallromanes;Vallès Oriental;Barcelona
Vilalba Sasserra;Vallès Oriental;Barcelona
Vilanova del Vallès;Vallès Oriental;Barcelona
l'Ametlla del Vallès;Vallès Oriental;Barcelona
la Garriga;Vallès Oriental;Barcelona
la Llagosta;Vallès Oriental;Barcelona
la Roca del Vallès;Vallès Oriental;Barcelona
Calders;Moianès;Barcelona
Castellcir;Moianès;Barcelona
Castellterçol;Moianès;Barcelona
Collsuspina;Moianès;Barcelona
Granera;Moianès;Barcelona
Moià;Moianès;Barcelona
Monistrol de Calders;Moianès;Barcelona
Sant Quirze Safaja;Moianès;Barcelona
Santa Maria d'Oló;Moianès;Barcelona
l'Estany;Moianès;Barcelona
Alpens;Lluçanès;Barcelona
Olost;Lluçanès;Barcelona
Oristà;Lluçanès;Barcelona
Perafita;Lluçanès;Barcelona
Prats de Lluçanès;Lluçanès;Barcelona
Sant Martí d'Albars;Lluçanès;Barcelona
Lluçà;Lluçanès;Barcelona
Sobremunt;Lluçanès;Barcelona
